{"wifi_sta":{"connected":true,"ssid":"WLAN_SSID","ip":"192.168.178.146","rssi":-78},"cloud":{"enabled":true,"connected":true},"mqtt":{"connected":false},"time":"16:46","unixtime":1648478785,"serial":8295,"has_update":false,"mac":"84CCA8B15999","cfg_changed_cnt":8,"actions_stats":{"skipped":0},"relays":[{"ison":true,"has_timer":false,"timer_started":0,"timer_duration":0,"timer_remaining":0,"overpower":false,"source":"schedule"}],"meters":[{"power":28.08,"overpower":0.00,"is_valid":true,"timestamp":1648485985,"counters":[55.841, 58.676, 57.653],"total":8223416}],"inputs":[{"input":0,"event":"","event_cnt":0}],"temperature":60.43,"overtemperature":false,"tmp":{"tC":60.43,"tF":140.78, "is_valid":true},"temperature_status":"Normal","ext_sensors":{},"ext_temperature":{},"ext_humidity":{},"update":{"status":"idle","has_update":false,"new_version":"20220209-094317/v1.11.8-g8c7bb8d","old_version":"20220209-094317/v1.11.8-g8c7bb8d"},"ram_total":50456,"ram_free":29712,"fs_size":233681,"fs_free":149094,"uptime":3030483}